"id","badges"
"d802174b0c0c1f4e","KO Creamer,Kickin’ Pot Pie,Greasy,Champ Rounds"
"4bdedbdeedff7d1d","Greasy"
"7facc9c45d792985",""
"24656ef4d605c96f",""
"285ae0b4a68221f4","Pie-thon"
"f1d64ae34e088832","Bakers Dozen,Pie-thon,The Dogwalker"
"9014c02eff8b3d62","KO Creamer,Bakers Dozen,Kickin’ Pot Pie,Greasy,The Dogwalker"
"70dd69b6a703257e",""
"23dec7c47cb418f8","Russian Bear"
"b07aed698fba8624","Greasy"
"6b453bc35a823c3f","KO Creamer,Bakers Dozen,Kickin’ Pot Pie,Iron Chin,Locksmith,The Dogwalker,Champ Rounds"
"40a456a25d52ee65",""
"528b071cf3da7c56","Bakers Dozen,Doughmaker,The Dogwalker"
"710f0f8c5d5c9d41","Bakers Dozen,Doughmaker,The Dogwalker"
"87e4a3a5080ee7ce",""
"baa9be02c3e3e038",""
"bc711b6dd95c1af6","Bakers Dozen,Pie-thon,The Dogwalker"
"2cfba6c837c03ed0",""
"d549cefc7c54ab78","Champ Rounds"
"ed7d329d7c29428d",""
"3329d692aea4dc28","Greasy"
"aa72b0f831d0bfe5","Pie-thon,Champ Rounds"
"a44020ea2e8cd026",""
"6c3b2525436cf5d4",""
"65adf3856c4d9256",""
"093e1f5bb73850be","Russian Bear,Pie-thon,Doughmaker,The Dogwalker"
"545092d13c67aa49",""
"70e1f8a821b72c8b","Russian Bear,Pie-thon"
"8ebc3a8da015d70c",""
"af9f42e6894047fc","Locksmith"
"1ebe20ebbfa15e29","Bakers Dozen,Doughmaker,Locksmith,The Dogwalker,Champ Rounds"
"9c393e836a852f30","Greasy"
"69898645d600abdb","Greasy"
"32feae6d9a1e5047","Greasy"
"866fd7b1a6c90e7f","Bakers Dozen,Doughmaker,Locksmith"
"b62d5280966b2460",""
"1b35af4d1529adf6",""
"e1d40e8782d80bc2","Can’t Touch This,Iron Chin"
"46e2011d92463b7e","Greasy"
"873626e5547b5235",""
"eabf206b162b3b83","Pie-thon,Doughmaker"
"f748267c4ab6c127","Bakers Dozen"
"a9e260472d321361","Russian Bear,Pie-thon,Iron Chin,Locksmith"
"7447e9f28508106a","Pie-thon,Locksmith,Champ Rounds"
"29162be25ebef5f0",""
"05339613bf8e9808","KO Creamer,Bakers Dozen,Kickin’ Pot Pie,The Dogwalker,Champ Rounds"
"7f1bf0c255ec8756",""
"c5ccd878231c5407","Greasy"
"c2299ec916bc7c56","Russian Bear,Pie-thon,Doughmaker,Kickin’ Pot Pie"
"d9a56ecb6e94f02e","The Dogwalker"
"ca80d72da81d7224",""
"cc1a8b4b38b92c6d","Russian Bear,Can’t Touch This,Iron Chin"
"faf317c665546a36",""
"3fa97913cfd205d3",""
"f6ad6a1e4d600e0d","Bakers Dozen,Russian Bear,The Dogwalker"
"7dda2cf308f24a02","Pie-thon,Iron Chin,Locksmith"
"d747eb273a40a920","Pie-thon,Locksmith"
"3bc3f60b21cddc6a",""
"39d309957c5c210d",""
"749f572d1d3161fb","KO Creamer,Kickin’ Pot Pie,Champ Rounds"
"64ad3e3b0efa30bb",""
"fba03cd6cc28dc41","Kickin’ Pot Pie,Champ Rounds"
"113df4fde64735c6","Bakers Dozen,Kickin’ Pot Pie,The Dogwalker"
"7c7332319c14094c","KO Creamer,Pie-thon,Kickin’ Pot Pie,The Dogwalker,Champ Rounds"
"60193e707634e560","Greasy"
"6d1bffff14897645","KO Creamer,Bakers Dozen,Kickin’ Pot Pie,The Dogwalker"
"294aa73dbf37d281","Kickin’ Pot Pie"
"787bb1f087ccff8a","KO Creamer,Bakers Dozen,Pie-thon,Kickin’ Pot Pie,Can’t Touch This,The Dogwalker,Champ Rounds"
"9a97acbfd5a08bfa","Greasy"
"6902fcf0610dd303",""
"f166e93d04a8c274","Iron Chin"
"dd6103dd7127db1d",""
"34ff304266360297","Bakers Dozen,Greasy,Locksmith,The Dogwalker,Champ Rounds"
"279566840aa55bf2","Bakers Dozen,Kickin’ Pot Pie,The Dogwalker"
"4126a78111c0855a","Can’t Touch This,Iron Chin,Champ Rounds"
"7674b836ce0698a0",""
"f96856f9d69fd7e4",""
"41e83a89929d1327","Russian Bear,Pie-thon,Doughmaker,Champ Rounds"
"6967153c7edb4d87",""
"e13abac8089a801a","KO Creamer,Kickin’ Pot Pie,Locksmith"
"6b56e94a59b7b134",""
"c051c2e12d692b8a","Iron Chin"
"886264a0c9f4ea5e","Russian Bear"
"3df5493bb279226f","Pie-thon"
"b7c5eb7cdbac6a63","Greasy"
"4e30e4250cb08b61","Iron Chin,Locksmith"
"07225ba28ae309b6","Pie-thon,Kickin’ Pot Pie,Champ Rounds"
"7026eca45f65377b","Bakers Dozen,Kickin’ Pot Pie,The Dogwalker"
"71505842fb6455c3",""
"b671bdf981ad527d",""
"4e6738062d469256",""
"1d2d98ddd05b38fb",""
"49edd0d90f60fb7d",""
"b67d6bacc68d4c92",""
"6d4b63c767106d3a","KO Creamer,Bakers Dozen,Kickin’ Pot Pie,Champ Rounds"
"2f815ed5f8278ba6","KO Creamer,Greasy"
"5f61780fe5e9b6d0","Russian Bear,Pie-thon,Doughmaker,Greasy,Locksmith"
"01641ba5df0c69b0","Russian Bear,Pie-thon"
"881bf86d4cba8578","Kickin’ Pot Pie,Iron Chin,The Dogwalker,Champ Rounds"
"9c442aaf149ea982",""
"abb68e3c7ca128f2",""
"e5549c82bfb5582d","KO Creamer,Kickin’ Pot Pie,Locksmith,The Dogwalker"
"723b64c0e9a8f348",""
"0c6d9ea8306c029e",""
"45f0cc9d18f35137","Kickin’ Pot Pie,Can’t Touch This"
"f5779a2303ed76ec",""
"da7f113b5ea39c43","Iron Chin"
"81d2c551886bd5a1",""
"a845f0735bc67405","Doughmaker,Can’t Touch This"
"c03520b5c88ed6b4","Doughmaker,The Dogwalker,Champ Rounds"
"36b8f265bcd1b7a4","Russian Bear,Greasy"
"a09ed60aa67a3f67",""
"c06d6b18862f9a53",""
"ae7fe94f117f98cf","KO Creamer,Kickin’ Pot Pie"
"d7c3816669784109","Bakers Dozen,The Dogwalker"
"399afbabc02376b5","Bakers Dozen,Russian Bear,Greasy,Can’t Touch This"
"312f7d7b2b2f7de4","Greasy"
"519e4fe37ce9ff75","KO Creamer,Kickin’ Pot Pie"
"92aed9d16794f42b",""
"7ee0fd831c0fe7c3","KO Creamer,Kickin’ Pot Pie,Iron Chin"
"52ef95b5860fb28c","KO Creamer,Bakers Dozen,Iron Chin"
"009341ed974bad72","Bakers Dozen,Kickin’ Pot Pie,The Dogwalker"
"4333a8e70a672eb7",""
"4948e412fa6ab67d",""
"43a59ce3bb40449e",""
"c9cf753cfdf77fc2","Kickin’ Pot Pie"
"132deb59abae64b1","Russian Bear,Kickin’ Pot Pie,Can’t Touch This,Champ Rounds"
"b08012bbe542592a","Russian Bear,Pie-thon,Doughmaker,Iron Chin,Locksmith"
"9cdd2da1a9104a0b","KO Creamer,Doughmaker,Kickin’ Pot Pie"
"1ae8f3c723aacff4","Russian Bear"
"476fe566d2df676e",""
"2b6fc1c02736833d","Russian Bear,Can’t Touch This,Champ Rounds"
"5b43d68174b6e2ab",""
"c6aee362c7a7d482","Kickin’ Pot Pie"
"8b6e5dc2ba1edbe7",""
"7d8435c56043b0ae",""
"3143bf892608139a","Locksmith"
"25f9a5f3e8a52618",""
"f782f953bfe7b5f2",""
"c1085e1701b13eca","Kickin’ Pot Pie,Iron Chin"
"4144798612ef96e5","KO Creamer"
"2bd98ab77a8daa75",""
"8c0580d4fff106c1","Kickin’ Pot Pie"
"bc7d1ad49fcb2d08","Pie-thon,Doughmaker,Can’t Touch This,Iron Chin"
"2e19380f34871c6a","KO Creamer,Bakers Dozen,Kickin’ Pot Pie"
"0be6776db31d98ec",""
"2dbc60c52de126d8",""
"c814b4c899793af6","Kickin’ Pot Pie,The Dogwalker"
"84b3e7d38f2d2ec5","Doughmaker,Champ Rounds"
"98a58c26c5b1ed17","Greasy"
"e0d3d9b564f95635",""
"333b9e5c723ac873","Greasy,Locksmith"
"e90a2f22417af68e","KO Creamer,Bakers Dozen,Doughmaker,Kickin’ Pot Pie,Greasy,Can’t Touch This,Iron Chin,The Dogwalker"
"764d39074a352e33","Greasy"
"275aca31f61ba28c","Russian Bear,Pie-thon,Greasy,Can’t Touch This,Locksmith,Champ Rounds"
"7a5e8c94a86f9895",""
"2caf993f53541fa1","Greasy"
"01c9e4013afce141",""
"a9da3158dd2c2b5a","The Dogwalker"
"ec13c393d029297d",""
"e132d47bd9efbbe0","Russian Bear"
"8f765fd5775a8873","Bakers Dozen,Greasy,Iron Chin,The Dogwalker"
"e94085e821bd81de","Doughmaker,Locksmith"
"31dbfbe4e7a6727c",""
"4798e823ada58fe9",""
"c15fa95b9a12fde4","KO Creamer"
"65f09bacd3957381","Bakers Dozen,Doughmaker,Kickin’ Pot Pie,The Dogwalker,Champ Rounds"
"5e9ca8dd7d783a75",""
"f1fac969a1d70b08","Kickin’ Pot Pie,Champ Rounds"
"d0fd0d9ee560dae7",""
"b4b496ec2197ee3e",""
"71171fc96445bf65","Russian Bear,Pie-thon"
"cdb7b38b1b357f26",""
"6e8f1bcdda94ff45",""
"3a46b268013afede","Kickin’ Pot Pie"
"52c2ae6d2f2d2613","Pie-thon,Can’t Touch This,Iron Chin"
